{"mie": {
        "parameter" :{
             "c1_pol"   : [ -0.0192944, 1.38, -2.2653, 1.6291, -1.974, 0.40412 ],
             "c1_exp"   : [ 0.1845, -0.3227, 1.1351, 2.232, -2.344, -0.4238 ],
             "c1_gbs"   : [ -4.367, 0.0371, 1.3895, 2.835 ],
             "c2_pol"   : [ 0.26021, -5.525, 8.329, -19.492, 25.8, -3.8133 ],
             "c2_exp"   : [ -5.05, 2.7842, -9.523, -30.383, 17.902, 2.2264 ],
             "c2_gbs"   : [ 48.445, -5.506, -11.643, -24.36 ],
             "t_pol"    : [ 1.0, 0.236, 0.872, 0.313, 0.407, 0.703	 ],
             "t_exp"    : [ 1.78, 2.99, 2.866, 1.2, 3.06, 1.073 ],
             "t_gbs"    : [ 1.50, 1.03, 4.02, 1.57 ],
             "d_pol"    : [ 4.0, 1.0, 1.0, 2.0, 2.0, 3.0 ],
             "d_exp"    : [ 1.0, 1.0, 3.0, 2.0, 2.0, 5.0 ],
             "d_gbs"    : [ 2.0, 3.0, 2.0, 2.0 ],
             "p"        : [ 1.0, 2.0, 2.0, 1.0, 2.0, 1.0 ],
             "eta"      : [ 0.362, 0.313, 1.17, 0.957 ],
             "beta"     : [ 0.0761, 0.143, 0.63, 1.32 ],
             "gam"      : [ 1.55, -0.0826, 1.505, 1.07 ],
             "eps"      : [ -1.0, -1.0, -0.195, -0.287 ],
             "d1_pol"   : [ -0.044326, -0.9164, 0.54604, 0.93411, -0.36957, -0.20822 ],
            "d2_pol"   : [ 0.0010372, -0.48659, 0.36519, 2.2719, -2.1598, -0.071921 ],
            "d3_pol"   : [ 0.045309, -0.080824, 0.0017117, 1.4648, -1.6084, 0.052748 ],
            "d1_exp"   : [ 0.51394, 0.55711, 0.083787, -0.86286, 0.19885, 0.02952 ],
            "d2_exp"   : [ 0.24318, 0.68819, 0.36777, -1.0891, 0.17631, -0.0021117 ],
            "d3_exp"   : [ 0.056978, 0.60157, 0.38942, -0.70837, -0.043016, -0.027741 ],
            "d1_gbs"   : [ 0.79761, -0.88304, 0.96654, -0.37683 ],
            "d2_gbs"   : [ 0.60753, -0.9869, 1.5873, -0.50984 ],
            "d3_gbs"   : [ 0.22228, -0.34791, 0.88312, -0.35055 ],
            "t_pol_m"  : [ 1, 0.216271942617027, 0.520609388112777, 0.752133081448595, 0.775679663317215, 0.580017747329082 ],
            "t_exp_m"  : [ 1.96734718455893, 2, 1.38627146150207, 1.4813773563886, 1.2103073201027, 1.01007005697967 ],
            "t_gbs_m"  : [ 0.418410732352989, 0.691563451339712, 1.31680108926219, 1.99860010157709 ],
            "d_pol_m"  : [ 4.0, 1.0, 1.0, 2.0, 2.0, 3.0 ],
            "d_exp_m"  : [ 1.0, 3.0, 2.0, 2.0, 4.0, 7.0 ],
            "d_gbs_m"  : [ 1,2,2,3 ],
            "p_m"      : [ 2.0 , 2.0 , 1.0 , 2.0 , 1.0 , 1.0 ],
            "eta_m"    : [ 0.240229835057927, 0.493986587611359, 1.38196451506317 , 1.18724195184123 ],
            "beta_m"   : [ 0.814951788107642, 1.72306756221527 ,0.452352097018578 ,0.0656824491597725 ],
            "gam_m"    : [ -0.403458611209436,0.0471338211178168 ,-0.321710057373199 , 0.494527960329717 ],
            "eps_m"    : [ -0.482584264913269,-0.435554887414116 ,0.271841899896465  ,0.198724624217954 ],
            "tc_p"     : [0.668 , 6.84 ,  145.0],
            "dc_p"     : [0.2516 , 0.049]
        },
        "neon"    : {
        "lambda"   : 11.3651,
        "epsilon"  : 32.8931,
        "sigma"    : 2.79902,
        "segment"  : 1.0,
        "I"        : 15.2,
        "dl_coeff" : [5.96854,-17.1,41.99,-58.941,43.481,-13.246],
        "dl_texp"  : [0.53,0.9,1.3,1.72,2.19,2.72],
        "tred"     : 44.4,
        "dred"     : 24.1,
        "dl_type"  : "DL1",
        "dv_coeff" : [-6.0978,14.88,-43.06,54.34,-38.337,-36.59],
        "dv_texp"  : [0.536,0.94,1.367,1.835,2.37,7.17],
        "dv_type"  : "DV3"
    },
        "argon"    : {
        "lambda"   : 12.0939,
        "epsilon"  : 117.4083,
        "sigma"    : 3.3978,
        "segment"  : 1.0,
        "I"        : 15.2,
        "dl_coeff" : [ 1.5004264,-0.3138129,0.086461622,-0.041477525],
        "dl_texp"  : [1.002, 2.0, 7.0,12.0],
        "tred"     : 150.687,
        "dred"     : 13.40742965,
        "dl_type"  : "DL4",
        "dv_coeff" : [-1.3721  ,-2.9182  , 0.097930,-2.2898],
        "dv_texp"  : [0.96,2.16,3.75,13.02],
        "dv_type"  : "DV6"
    },
        "krypton": {
        "lambda": 12.1283,
        "epsilon": 163.518,
        "sigma": 3.62715,
        "segment": 1.0,
        "I": 13.996,
        "dl_coeff" : [  20.593,-65.490, 94.407,-69.678, 22.810],
        "dl_texp" : [0.62,0.84,1.07,1.34,1.6],
        "tred" : 209.48,
        "dred" : 10.85,
        "dl_type" : "DL1",
        "dv_coeff" : [-6.4163, 8.9956,-10.216,-13.477,-211.52, 213.75],
        "dv_texp" : [0.525,0.77,1.04,3.2,8.3,9.0],
        "dv_type" : "DV3"
    },
     "methane": {
        "lambda": 12.6605,
        "epsilon": 153.0991,
        "sigma": 3.7293,
        "segment": 1.0,
        "I": 12.63,
        "dv_coeff" : [-1.8802840,-2.8526531,-3.0006480,-5.2511690,-13.191859,-37.553961],
        "dv_texp" : [1.062,2.5,4.5,7.5,12.5,23.5],
        "tred" : 190.564,
        "dred" : 10.139128,
        "dv_type" : "DV4",
        "dl_coeff" : [ 1.9906389  ,-0.78756197 , 0.036976723],
        "dl_texp" : [1.062,1.5,7.5],
        "dl_type" : "DL4"
    },
    "ethane": {
        "lambda": 13.87,
        "epsilon": 222.32,
        "sigma": 3.7,
        "segment": 1.52,
        "I": 13.788,
        "dl_coeff" : [ 1.56138026  ,-0.381552776 , 0.0785372040, 0.0370315089],
        "dl_texp" : [0.987,2.0,4.0,9.5],
        "tred" : 305.322,
        "dred" : 6.856886685,
        "dl_type" : "DL4",
        "dv_coeff" : [-2.3513,-5.3497,-14.875,-45.711,-117.44],
        "dv_texp" : [0.371,1.09,3.0,6.9,16.5],
        "dv_type" : "DV3"
    },
       "propane": {
        "lambda": 13.69,
        "epsilon": 236.86,
        "sigma": 3.78,
        "segment": 1.91,
        "I": 13.788,
        "dl_coeff" : [1.82205 ,0.65802 ,0.21109 ,0.083973],
        "dl_texp" : [0.345,0.74,2.6,7.2],
        "tred" : 369.89,
        "dred" : 5.0,
        "dl_type" : "DL1",
        "dv_coeff" : [-2.6016,-5.5659,-15.487,-45.572,-95.789,-207.58],
        "dv_texp" : [0.385,1.13,3.0,6.6,14.5,30.0 ],
        "dv_type" : "DV3"
    },
       "butane": {
        "lambda": 13.381,
        "epsilon": 268.16,
        "sigma": 4.07,
        "segment": 1.91,
        "I": 10.61,
        "dl_coeff" : [5.2341,-6.2011,3.6063,0.22137],
        "dl_texp" : [0.44,0.6,0.76,5.0],
        "tred" : 425.125,
        "dred" : 3.922769613,
        "dl_type" : "DL1",
        "dv_coeff" : [-2.7390 ,-5.7347 ,-16.408 ,-46.986 ,-100.90 ],
        "dv_texp" : [0.391,1.14,3.0,6.5,14.0],
        "dv_type" : "DV3"
    },
       "co2": {
        "lambda": 14.54,
        "epsilon": 226.25,
        "sigma": 3.12,
        "segment": 1.65,
        "I": 15.753,
        "dl_coeff" : [ 1.92451080,-0.62385555,-0.32731127, 0.39245142],
        "dl_texp" : [1.02,1.5,5.0,5.5],
        "tred" : 304.1282,
        "dred" : 10.6249,
        "dl_type" : "DL4",
        "dv_coeff" : [-1.7074879,-0.8227467,-4.6008549,-10.111178,-29.742252],
        "dv_texp" : [1.02,1.5,3.0,7.0,14.0],
        "dv_type" : "DV4"
    },
       "benzene": {
        "lambda": 14.8439,
        "epsilon": 406.6144,
        "sigma": 4.1798,
        "segment": 1.8543,
        "I": 9.26,
        "dl_coeff" : [ 18.160 ,-56.879 , 87.478 ,-64.365 , 18.5  ],
        "dl_texp" : [0.534,0.686,0.84,1.0,1.2],
        "tred" : 562.02,
        "dred" : 4.9063,
        "dl_type" : "DL1",
        "dv_coeff" : [-3.1147,-4.6689,-16.161,-146.50, 518.87,-827.72],
        "dv_texp" : [0.419,1.12,2.8,7.3,10.0,12.0],
        "dv_type" : "DV3"
    },
       "nitrogen": {
        "lambda": 12.3420,
        "epsilon": 92.0197,
        "sigma": 3.4138,
        "segment": 1.1899,
        "I": 14.023,
        "dl_coeff" : [  1.48654237  ,-0.280476066 , 0.0894143085,-0.119879866 ],
        "dl_texp" : [0.9882,2.0,8.0,17.5],
        "tred" : 126.192,
        "dred" : 11.1839,
        "dl_type" : "DL4",
        "dv_coeff" : [-1.70127164 ,-3.70402649 , 1.29859383 ,-0.561424977,-2.68505381 ],
        "dv_texp" : [1.02,2.5,3.5,6.5,14.0],
        "dv_type" : "DV6"
    },
       "oxygen": {
        "lambda": 10.12,
        "epsilon": 97.91,
        "sigma": 3.14,