{"srk": {
        "methane": {
		"tc"    : 190.564,						
		"dc"    : 10139.128,
		"pc"    : 4.5992E6,
		"omega" : 0.011,
		"mw"       : 16.0428E-3
        },
	    "argon": {
		"tc"    : 150.687,						
		"dc"    : 13407.42965,
		"pc"    : 4.863E6 ,
		"omega" : -0.00219,
		"mw"       : 39.948E-3
    },
	    "neon": {
		"tc"    : 44.4,						
		"dc"    : 24100,
		"pc"    : 2.66163E6 ,
		"omega" : -0.0355,
        "mw"    : 20.179E-3
    },
	    "krypton": {
		"tc"    : 209.48,						
		"dc"    : 10850,
		"pc"    : 5.5255E6 ,
		"omega" : -0.001,
        "mw"    : 83.798E-3
    }  	
}}